1400566058277212162,KingNry9,1355023465489698819,2021-06-03 21:32:24+00:00,"RT @davidgokhshtein: If you wait for things to get perfect you will never succeed.

#cryptocurrency",['cryptocurrency'],http://pbs.twimg.com/profile_images/1360730346879283208/KogYFA8p_normal.jpg,0,"Los Angeles, CA",0,False,300,Fri Jan 29 05:23:22 +0000 2021,,"<a href=""http://twitter.com/download/iphone"" rel=""nofollow"">Twitter for iPhone</a>"
1400566060374544385,BardownMcAvoy,481625123,2021-06-03 21:32:24+00:00,"RT @TmarTn: Credible leaker Tom Henderson claims the economy and stock market will return to GTA 6, along with the addition of Cryptocurren...",[],http://pbs.twimg.com/profile_images/1239318825537081349/aD1axpFR_normal.jpg,0,,0,False,2375,Fri Feb 03 00:25:53 +0000 2012,,"<a href=""http://twitter.com/download/iphone"" rel=""nofollow"">Twitter for iPhone</a>"
1400566060705849348,maxm_profit,1291449051460677632,2021-06-03 21:32:24+00:00,"RT @Amin29875001: @Tung62619715 @Human_To_Mars @tunghx1609 @cobeaovang95 @bonmydinh Guys, don't miss this opportunity, this project will be...",[],http://pbs.twimg.com/profile_images/1291449670892363782/L8sSpVDb_normal.jpg,0,New Delhi,0,False,1017,Thu Aug 06 19:01:00 +0000 2020,,"<a href=""https://help.twitter.com/en/using-twitter/how-to-tweet#source-labels"" rel=""nofollow"">u_learn_u_earn</a>"
1400566063994114051,termorz,1396222847421501442,2021-06-03 21:32:25+00:00,"Oh maaan its gonna be quite a long time before crypto currencies begin going on ridiculously again 

#cryptocurrency #cryptocrash","['cryptocurrency', 'cryptocrash']",http://pbs.twimg.com/profile_images/1396581773585395712/Pj9M4HfX_normal.jpg,0,TermorzTube HeadQuarters,0,False,5,Sat May 22 21:54:20 +0000 2021,,"<a href=""http://twitter.com/download/android"" rel=""nofollow"">Twitter for Android</a>"
1400566067701772290,TheEggpie,1231627596,2021-06-03 21:32:26+00:00,RT @yourcompanionAI: antivirus company adds bitcoin miner to their software,[],http://pbs.twimg.com/profile_images/1368748584779218946/rPKjS--b_normal.jpg,0,,0,False,759,Fri Mar 01 21:54:49 +0000 2013,,"<a href=""http://twitter.com/download/android"" rel=""nofollow"">Twitter for Android</a>"
1400566067886366725,SAM24959397,1398709022916677632,2021-06-03 21:32:26+00:00,"RT @Crypto_novae:  Prepare for Beta! 

Become one of 300 exclusive Beta testers!

$YAE #cryptocurrency #BSC #ETH 

https://t.co/SI1QRtew2A","['cryptocurrency', 'BSC', 'ETH']",http://abs.twimg.com/sticky/default_profile_images/default_profile_normal.png,0,,0,False,0,Sat May 29 18:33:36 +0000 2021,,"<a href=""https://mobile.twitter.com"" rel=""nofollow"">Twitter Web App</a>"
1400566073305534467,Nauriitis01,1095604203085541376,2021-06-03 21:32:27+00:00,"RT @YongkiApriza: Claim  https://t.co/4GfTt1lMK5

@cctip_com Airdrop 1000 OXY 100

#Airdrops #cryptocurrency","['Airdrops', 'cryptocurrency']",http://pbs.twimg.com/profile_images/1359634936777572359/chaULFGv_normal.jpg,0,Latvia,0,False,83,Wed Feb 13 08:42:52 +0000 2019,,"<a href=""http://twitter.com/download/iphone"" rel=""nofollow"">Twitter for iPhone</a>"
1400566073565585424,Sean87713850,1375115902929276941,2021-06-03 21:32:27+00:00,"RT @Amenthas1: How I see it. 
#football #dogearmy #DogeCoinTo1Dollar #ChampionsLeague #FootballFrenzy #Dogecoin #cryptocurrency https://t.c...","['football', 'dogearmy', 'DogeCoinTo1Dollar', 'ChampionsLeague', 'FootballFrenzy', 'Dogecoin', 'cryptocurrency']",http://pbs.twimg.com/profile_images/1399512407987429379/rkjinSQq_normal.jpg,0,United States,0,False,507,Thu Mar 25 16:02:46 +0000 2021,,"<a href=""https://mobile.twitter.com"" rel=""nofollow"">Twitter Web App</a>"
1400566077126590478,RyanCharlebois,1294364209908719617,2021-06-03 21:32:28+00:00,"RT @TmarTn: Credible leaker Tom Henderson claims the economy and stock market will return to GTA 6, along with the addition of Cryptocurren...",[],http://pbs.twimg.com/profile_images/1342507896333070337/HoMpGfyw_normal.jpg,0,,0,False,40,Fri Aug 14 20:05:41 +0000 2020,,"<a href=""http://twitter.com/download/iphone"" rel=""nofollow"">Twitter for iPhone</a>"
1400566077793333248,nirwasita7,2276486606,2021-06-03 21:32:28+00:00,"RT @LOCgameio:  Don't forget, our Kucoin trading and buying competitions are live!

SHARE $40,000 USD WORTH OF LOCG

The campaigns run fr...",[],http://pbs.twimg.com/profile_images/1396219123957342208/42gsYuT7_normal.jpg,0,"31.0667¬∞ N, 81.3125¬∞ E",0,False,572,Sat Jan 04 18:35:02 +0000 2014,,"<a href=""http://twitter.com/download/android"" rel=""nofollow"">Twitter for Android</a>"
1400566083493433349,sm0ke504,216187505,2021-06-03 21:32:30+00:00,"I got about 24 million in #shibainu $shib #shibainucoin #staked 
.
I want the blue card. ..#bitcoin #algorand... https://t.co/3NlpBTeU2j","['shibainu', 'shibainucoin', 'staked', 'bitcoin', 'algorand']",http://pbs.twimg.com/profile_images/1398390872463585284/y0QQOe3E_normal.jpg,0,New Orleans,0,False,72,Tue Nov 16 00:37:20 +0000 2010,,"<a href=""http://twitter.com/download/android"" rel=""nofollow"">Twitter for Android</a>"
1400566084202160130,Bagasela99,1382416728051785728,2021-06-03 21:32:30+00:00,RT @brigadeirobsc: IT HAS BEEN CONFIRMED! Tomorrow I am going to be interviewed by a big TV station called @recordtvoficial. Nothing confir...,[],http://pbs.twimg.com/profile_images/1399461739620536322/WkwfiZCL_normal.jpg,0,,0,False,5,Wed Apr 14 19:33:44 +0000 2021,,"<a href=""http://twitter.com/download/android"" rel=""nofollow"">Twitter for Android</a>"
1400566089596162053,VSTheFoodSnob,765890284064542720,2021-06-03 21:32:31+00:00,RT @PengolinC: How To Add Liquidity to wPGO on #PancakeSwap Using #MetaMask! https://t.co/Lr4pBhfehX #crypto #CryptoNews #cryptocurrencies...,"['PancakeSwap', 'MetaMask', 'crypto', 'CryptoNews', 'cryptocurrencies']",http://pbs.twimg.com/profile_images/1272875002895925249/EDoFM6wH_normal.jpg,0,United States,0,False,4323,Wed Aug 17 12:37:28 +0000 2016,,"<a href=""http://twitter.com/download/iphone"" rel=""nofollow"">Twitter for iPhone</a>"
1400566090766327810,BoycottHindi,1186286137196732419,2021-06-03 21:32:31+00:00,"RT @bullishcoinss: New GiveAway 
50000000000 #Eclipse 5 lucky Winner 

RULES 

1 Follow @bullishcoinss 
2 Join Telegram Add 5 mem...",['Eclipse'],http://pbs.twimg.com/profile_images/1186293204879994881/yr1d51T3_normal.jpg,0,Telangana,0,False,1135,Mon Oct 21 14:20:48 +0000 2019,,"<a href=""http://twitter.com/download/android"" rel=""nofollow"">Twitter for Android</a>"
1400566090632028161,Vikki53859842,1387670384221200384,2021-06-03 21:32:31+00:00,"@Deepak31337374
@Naresh95881411
@Rahul74997573
@Rahul92853960
@Jama35525594

This project is really best , but if y... https://t.co/rKT5nkBTG7",[],http://pbs.twimg.com/profile_images/1391784315814486017/jmyQUTeM_normal.jpg,0,,0,False,3,Thu Apr 29 07:29:44 +0000 2021,,"<a href=""https://mobile.twitter.com"" rel=""nofollow"">Twitter Web App</a>"
1400566092276199424,No1sListenin,982316748677365760,2021-06-03 21:32:32+00:00,"RT @davidgokhshtein: If you wait for things to get perfect you will never succeed.

#cryptocurrency",['cryptocurrency'],http://abs.twimg.com/sticky/default_profile_images/default_profile_normal.png,0,,0,False,29,Fri Apr 06 17:58:58 +0000 2018,,"<a href=""https://mobile.twitter.com"" rel=""nofollow"">Twitter Web App</a>"
1400566095988281352,Vincb16,1398346351352631298,2021-06-03 21:32:33+00:00,"RT @TmarTn: Credible leaker Tom Henderson claims the economy and stock market will return to GTA 6, along with the addition of Cryptocurren...",[],http://pbs.twimg.com/profile_images/1398346618961809413/uSraIhgb_normal.jpg,0,,0,False,4,Fri May 28 18:32:20 +0000 2021,,"<a href=""http://twitter.com/download/iphone"" rel=""nofollow"">Twitter for iPhone</a>"
1400566099381530628,ZombieDoor,1283838050724970500,2021-06-03 21:32:34+00:00,"RT @TmarTn: Credible leaker Tom Henderson claims the economy and stock market will return to GTA 6, along with the addition of Cryptocurren...",[],http://pbs.twimg.com/profile_images/1400537934416199688/RfeI5DKB_normal.jpg,0,,0,False,24,Thu Jul 16 18:57:06 +0000 2020,,"<a href=""https://mobile.twitter.com"" rel=""nofollow"">Twitter Web App</a>"
1400566100002287618,chris8133cooper,740694114270777344,2021-06-03 21:32:34+00:00,"RT @TmarTn: Credible leaker Tom Henderson claims the economy and stock market will return to GTA 6, along with the addition of Cryptocurren...",[],http://pbs.twimg.com/profile_images/1244090914601123855/d_LH9BPc_normal.jpg,0,,0,False,46,Wed Jun 08 23:56:53 +0000 2016,,"<a href=""http://twitter.com/download/iphone"" rel=""nofollow"">Twitter for iPhone</a>"
1400566101591871493,CryptoGuru95,1384216382183673856,2021-06-03 21:32:34+00:00,RT @CherriesCrypto: For those looking for a new BSC call that is 100% safe I would check out Lepracoin. I personally know the dev and he...,[],http://pbs.twimg.com/profile_images/1384238885882896395/sEaABCGZ_normal.jpg,0,,0,False,172,Mon Apr 19 18:44:59 +0000 2021,,"<a href=""http://twitter.com/download/iphone"" rel=""nofollow"">Twitter for iPhone</a>"
1400566103307325444,Gabriel66026989,1390730451556487170,2021-06-03 21:32:34+00:00,"RT @travelnmiles: Our token counts with Binance Smart Chain (BSC) technology, a blockchain network built for running  smart contract-based...",[],http://abs.twimg.com/sticky/default_profile_images/default_profile_normal.png,0,,0,False,0,Fri May 07 18:09:20 +0000 2021,,"<a href=""https://mobile.twitter.com"" rel=""nofollow"">Twitter Web App</a>"
1400566104024571917,SvahnDaniel,4801440945,2021-06-03 21:32:35+00:00,"RT @Benzinga: Why Dogecoin Can Hit 75 Cents Again, According To @MattWallace888 

https://t.co/y8k2XRJQvc",[],http://pbs.twimg.com/profile_images/1391246786447253505/g1EjLzoA_normal.jpg,0,"Malm√∂, Sverige",0,False,42,Thu Jan 14 06:18:53 +0000 2016,,"<a href=""http://twitter.com/download/iphone"" rel=""nofollow"">Twitter for iPhone</a>"
1400566105886887945,VSTheFoodSnob,765890284064542720,2021-06-03 21:32:35+00:00,"RT @PengolinC: #PengolinCoin is having a 5,000 PGO #Giveaway! Enter for #FREE by using the Gleam link below! Hurry! https://t.co/rGclja3lmR...","['PengolinCoin', 'Giveaway', 'FREE']",http://pbs.twimg.com/profile_images/1272875002895925249/EDoFM6wH_normal.jpg,0,United States,0,False,4323,Wed Aug 17 12:37:28 +0000 2016,,"<a href=""http://twitter.com/download/iphone"" rel=""nofollow"">Twitter for iPhone</a>"
1400566110177669120,tron_age,37983966,2021-06-03 21:32:36+00:00,"Ethereum's annual inflation rate is 10% higher than DOGE's

#blockchain #dlike #cryptocurrency
https://t.co/9LJXbdf0b4","['blockchain', 'dlike', 'cryptocurrency']",http://pbs.twimg.com/profile_images/1082867512231018496/DqcW8lDY_normal.jpg,0,USA,0,False,7019,Tue May 05 18:24:01 +0000 2009,,"<a href=""http://www.btcinbtc.com/"" rel=""nofollow"">BTCinBTC</a>"
1400566112631373826,PRASHANTKHALKH1,1085918732709494784,2021-06-03 21:32:37+00:00,"RT @ja_nien: Nice! #Holochain is growing, interested? Watch this  #SnapMail #Hot #Holo #Hosting #P2P #decentralized #Crypto #cryptocurren...","['Holochain', 'SnapMail', 'Hot', 'Holo', 'Hosting', 'P2P', 'decentralized', 'Crypto']",http://pbs.twimg.com/profile_images/1372427558717906944/d-O4enpM_normal.jpg,0,"Ranchi, India",0,False,15,Thu Jan 17 15:16:16 +0000 2019,,"<a href=""http://twitter.com/download/iphone"" rel=""nofollow"">Twitter for iPhone</a>"
1400566114833387527,Matthew36777616,1351572036003491840,2021-06-03 21:32:37+00:00,RT @SafemoonWarrior: #SAFEMOON is top 3 Trending Token in Asia ,['SAFEMOON'],http://pbs.twimg.com/profile_images/1387175644711243776/WqgJwlHQ_normal.jpg,0,,0,False,9,Tue Jan 19 16:47:56 +0000 2021,,"<a href=""http://twitter.com/download/iphone"" rel=""nofollow"">Twitter for iPhone</a>"
1400566116100063232,sweetsinner3,27843263,2021-06-03 21:32:37+00:00,If you wait for $RSR you will always succeed,[],http://pbs.twimg.com/profile_images/1399889669941248002/hrkFDgif_normal.jpg,0,Ireland,0,False,12711,Tue Mar 31 09:45:16 +0000 2009,,"<a href=""http://twitter.com/download/iphone"" rel=""nofollow"">Twitter for iPhone</a>"
1400566120365633536,Jacob_5780,1185727705679052800,2021-06-03 21:32:39+00:00,"RT @TmarTn: Credible leaker Tom Henderson claims the economy and stock market will return to GTA 6, along with the addition of Cryptocurren...",[],http://pbs.twimg.com/profile_images/1248081164927209472/cDOS5UPC_normal.jpg,0,"England, United Kingdom",0,False,14,Sun Oct 20 01:21:39 +0000 2019,,"<a href=""http://twitter.com/download/iphone"" rel=""nofollow"">Twitter for iPhone</a>"
1400566120613044231,Archy24786260,1380893825443491840,2021-06-03 21:32:39+00:00,"RT @Crypto_novae:  Prepare for Beta! 

Become one of 300 exclusive Beta testers!

$YAE #cryptocurrency #BSC #ETH 

https://t.co/SI1QRtew2A","['cryptocurrency', 'BSC', 'ETH']",http://abs.twimg.com/sticky/default_profile_images/default_profile_normal.png,0,,0,False,1,Sat Apr 10 14:42:03 +0000 2021,,"<a href=""https://mobile.twitter.com"" rel=""nofollow"">Twitter Web App</a>"
1400566121749794819,Ryangoetz2001,838933636095279104,2021-06-03 21:32:39+00:00,"RT @TmarTn: Credible leaker Tom Henderson claims the economy and stock market will return to GTA 6, along with the addition of Cryptocurren...",[],http://pbs.twimg.com/profile_images/1393305763939065856/d6o2SG0E_normal.jpg,0,"Wisconsin, USA",0,False,22,Tue Mar 07 02:05:40 +0000 2017,,"<a href=""http://twitter.com/download/iphone"" rel=""nofollow"">Twitter for iPhone</a>"
1400566128401862662,Slofanatic,1363491704721059840,2021-06-03 21:32:40+00:00,"@PioneersYouth $POC token actually making a difference to our oceans 

$POC #POC #PangeaCoin #StopPollution... https://t.co/JwVMXmgv3g","['POC', 'PangeaCoin', 'StopPollution']",http://pbs.twimg.com/profile_images/1389829498128977921/fWWARiXe_normal.jpg,0,,0,False,6,Sun Feb 21 14:12:32 +0000 2021,,"<a href=""https://mobile.twitter.com"" rel=""nofollow"">Twitter Web App</a>"
1400566133670002689,Nazarz12,1260691475660255232,2021-06-03 21:32:42+00:00,"RT @BoostRocketCoin: SOMETHING BIG IS COMING! 
BoostRocket #Coin is NOW 1 Day LAUNCHED! 
0% FEES! Best &amp; newest #cryptocurrency 

Visi...","['Coin', 'cryptocurrency']",http://pbs.twimg.com/profile_images/1262800129578479616/5Xm0tfz5_normal.jpg,0,,0,False,10,Wed May 13 22:00:52 +0000 2020,,"<a href=""https://mobile.twitter.com"" rel=""nofollow"">Twitter Web App</a>"
1400566134156533760,atilgann8,941395494835769344,2021-06-03 21:32:42+00:00,"RT @InsiderToken: 100.000.000 $NSD GIVEAWAY

To Join:
 Follow @InsiderToken 
 RT this &amp;  pinned tweet 
 Join https://t.co/qwUUR6MoOZ

#...",[],http://pbs.twimg.com/profile_images/1392421547269398531/WmAIPB0O_normal.jpg,0,"ƒ∞stanbul, T√ºrkiye",0,False,214,Thu Dec 14 19:52:31 +0000 2017,,"<a href=""http://twitter.com/download/iphone"" rel=""nofollow"">Twitter for iPhone</a>"
1400566143635673088,StaceyAPhotog,312304925,2021-06-03 21:32:44+00:00,"RT @Benzinga: Why Dogecoin Can Hit 75 Cents Again, According To @MattWallace888 

https://t.co/y8k2XRJQvc",[],http://pbs.twimg.com/profile_images/762034599971082240/t1CgkA-u_normal.jpg,0,San Antonio Photographer,0,False,88,Mon Jun 06 22:27:56 +0000 2011,,"<a href=""http://twitter.com/download/iphone"" rel=""nofollow"">Twitter for iPhone</a>"
1400566147225772034,VCNetworkCo,3320412072,2021-06-03 21:32:45+00:00,RT @JQT_CoinLinked: Much WoW!Thx @Benzinga for such an honor to be included w/ @elonmusk @mcuban @BillyM2k @dogecoin @SlimJim @DogecoinM...,[],http://pbs.twimg.com/profile_images/1363583472720252928/SDK4GIKm_normal.jpg,0,ü™ê info@vcnetwork.coüìç,0,False,5909,Wed Aug 19 17:43:52 +0000 2015,,"<a href=""http://twitter.com/download/iphone"" rel=""nofollow"">Twitter for iPhone</a>"
1400566153022431236,S3432367106,1363932256138633224,2021-06-03 21:32:46+00:00,"RT @InsiderToken: 100.000.000 $NSD GIVEAWAY

To Join:
 Follow @InsiderToken 
 RT this &amp;  pinned tweet 
 Join https://t.co/qwUUR6MoOZ

#...",[],http://pbs.twimg.com/profile_images/1399434709323730953/d4lfdDLe_normal.jpg,0,,0,False,21,Mon Feb 22 19:22:57 +0000 2021,,"<a href=""http://twitter.com/download/android"" rel=""nofollow"">Twitter for Android</a>"
1400566153198673924,The_lostb0y,701380144754253824,2021-06-03 21:32:46+00:00,"RT @davidgokhshtein: If you wait for things to get perfect you will never succeed.

#cryptocurrency",['cryptocurrency'],http://pbs.twimg.com/profile_images/1375488294629355522/QW3nJ2Ee_normal.jpg,0,,0,False,55,Sun Feb 21 12:17:12 +0000 2016,,"<a href=""http://twitter.com/download/android"" rel=""nofollow"">Twitter for Android</a>"
1400566157128708097,CryptoRise999,1390374628154019842,2021-06-03 21:32:47+00:00,"RT @davidgokhshtein: If you wait for things to get perfect you will never succeed.

#cryptocurrency",['cryptocurrency'],http://pbs.twimg.com/profile_images/1395873139322728460/HXYVqxgX_normal.jpg,0,,0,False,539,Thu May 06 18:35:26 +0000 2021,,"<a href=""http://twitter.com/download/iphone"" rel=""nofollow"">Twitter for iPhone</a>"
1400566158638657544,MsScotsCrypto77,1358545307383062528,2021-06-03 21:32:48+00:00,"RT @davidgokhshtein: If you wait for things to get perfect you will never succeed.

#cryptocurrency",['cryptocurrency'],http://pbs.twimg.com/profile_images/1396873480193421315/pgVgcDjD_normal.jpg,0,,0,False,3517,Sun Feb 07 22:37:08 +0000 2021,,"<a href=""http://twitter.com/download/iphone"" rel=""nofollow"">Twitter for iPhone</a>"
1400566159121039369,Mhmd_grbni,1399005666581401605,2021-06-03 21:32:48+00:00,"RT @Crypto_novae:  Prepare for Beta! 

Become one of 300 exclusive Beta testers!

$YAE #cryptocurrency #BSC #ETH 

https://t.co/SI1QRtew2A","['cryptocurrency', 'BSC', 'ETH']",http://abs.twimg.com/sticky/default_profile_images/default_profile_normal.png,0,,0,False,0,Sun May 30 14:12:09 +0000 2021,,"<a href=""http://twitter.com/download/android"" rel=""nofollow"">Twitter for Android</a>"
1400566159301349378,TODOESP99861426,1385061277093961735,2021-06-03 21:32:48+00:00,"RT @Benzinga: Why Dogecoin Can Hit 75 Cents Again, According To @MattWallace888 

https://t.co/y8k2XRJQvc",[],http://pbs.twimg.com/profile_images/1385061894226989056/WJDB8waU_normal.jpg,0,,0,False,19,Thu Apr 22 02:42:10 +0000 2021,,"<a href=""http://twitter.com/download/android"" rel=""nofollow"">Twitter for Android</a>"
1400566159553044488,guadarismo159,846420360048365570,2021-06-03 21:32:48+00:00,"RT @InuXiasi: I'll give 50$ to one random person who RT and likes this + upvotes Xiasi Inu https://t.co/R4X1YrvuHB

#cryptocurrency 
#Binan...",['cryptocurrency'],http://pbs.twimg.com/profile_images/1342124666106880002/pB2YO19f_normal.jpg,0,In ur heart,0,False,12,Mon Mar 27 17:55:14 +0000 2017,,"<a href=""http://twitter.com/download/android"" rel=""nofollow"">Twitter for Android</a>"
1400566164158308364,Dogeunstoppable,1362865237989478406,2021-06-03 21:32:49+00:00,"RT @davidgokhshtein: If you wait for things to get perfect you will never succeed.

#cryptocurrency",['cryptocurrency'],http://pbs.twimg.com/profile_images/1391536763018125313/7z2g6p2v_normal.jpg,0,,0,False,771,Fri Feb 19 20:43:07 +0000 2021,,"<a href=""http://twitter.com/download/android"" rel=""nofollow"">Twitter for Android</a>"
1400566164246253568,CryptoEliteNews,803159947538206720,2021-06-03 21:32:49+00:00,"Crypto Tax Dodging Crackdown &amp; St. Petersburg Kicks off Economic Forum

The Biden administration has proposed new r... https://t.co/FujA76tTfE",[],http://pbs.twimg.com/profile_images/1206010757709795329/Blvz0q6Y_normal.jpg,0,,0,False,24395,Mon Nov 28 08:53:48 +0000 2016,,"<a href=""https://tokennews.to"" rel=""nofollow"">__CryptoNews</a>"
1400566180033802242,James_P_Kav,165714281,2021-06-03 21:32:53+00:00,"RT @TheHackersNews: Necro Python #malware has been enhanced with new exploits for more than 10 different web apps and the SMB protocol, as...",['malware'],http://pbs.twimg.com/profile_images/1301168204983808000/iskpLI42_normal.jpg,0,"South Shields, England",0,False,346,Mon Jul 12 10:15:01 +0000 2010,,"<a href=""http://twitter.com/download/android"" rel=""nofollow"">Twitter for Android</a>"
1400566180121821204,DaggerBark,713908446274301953,2021-06-03 21:32:53+00:00,"RT @TmarTn: Credible leaker Tom Henderson claims the economy and stock market will return to GTA 6, along with the addition of Cryptocurren...",[],http://pbs.twimg.com/profile_images/1356071821020442625/6kkGWivq_normal.jpg,0,"Chicago, IL, USA",0,False,968,Sun Mar 27 02:00:12 +0000 2016,,"<a href=""http://twitter.com/download/iphone"" rel=""nofollow"">Twitter for iPhone</a>"
1400567873433522177,Crypto428,1376998858153058308,2021-06-03 21:39:36+00:00,"RT @InsiderToken: $NSD listed on #Pancakeswap 

To buy: https://t.co/2ZraaMapIx

$NSD $CAKE #BTC  First AI based token on Pancakeswap. 

Mo...","['Pancakeswap', 'BTC']",[],0,,0,False,38,Tue Mar 30 20:45:03 +0000 2021,,"<a href=""http://twitter.com/download/android"" rel=""nofollow"">Twitter for Android</a>","[{'screen_name': 'InsiderToken', 'name': 'Insider AI Offical', 'id': 1049759034348310534, 'id_str': '1049759034348310534', 'indices': [3, 16]}]",http://pbs.twimg.com/profile_images/1395560929979293698/ptFpO6xF_normal.jpg
1400567877028265985,Omolemo57929225,1166568837459906560,2021-06-03 21:39:37+00:00,"@Thabza_sbanyoni @TEEVEEBENDO @danielmarven He actually said ""Cryptocurrency """,[],[],0,"Klerksdorp, South Africa",0,False,111,Wed Aug 28 04:31:49 +0000 2019,,"<a href=""http://twitter.com/download/android"" rel=""nofollow"">Twitter for Android</a>","[{'screen_name': 'Thabza_sbanyoni', 'name': ""Shiyak'lengüßêüáøüá¶"", 'id': 1118462109279490048, 'id_str': '1118462109279490048', 'indices': [0, 16]}, {'screen_name': 'TEEVEEBENDO', 'name': 'UmZulu Ongenalo Itekisi', 'id': 826790638817570816, 'id_str': '826790638817570816', 'indices': [17, 29]}, {'screen_name': 'danielmarven', 'name': 'KE SHARP', 'id': 400053687, 'id_str': '400053687', 'indices': [30, 43]}]",http://pbs.twimg.com/profile_images/1176034350955225088/UwxjEV7H_normal.jpg
1400567887946043394,AllesUndNix_,1190354822551232512,2021-06-03 21:39:40+00:00,"RT @cloudmining_: Early Stage Mine Dont Miss 
Coku Network - New app cloud mining 

New application

APP:https://t.co/GG4c6G0bEx...",[],[],0,"Baden-W√ºrttemberg, Deutschland",0,False,4095,Fri Nov 01 19:48:28 +0000 2019,,"<a href=""https://www.botlibre.com"" rel=""nofollow"">Bot Libre!</a>","[{'screen_name': 'cloudmining_', 'name': 'Cloud Mining Mobile', 'id': 1385652476871905280, 'id_str': '1385652476871905280', 'indices': [3, 16]}]",http://pbs.twimg.com/profile_images/1190355523184594949/W_L_sGYS_normal.jpg
1400567889971847174,BishopDoge,1327964563573190658,2021-06-03 21:39:40+00:00,"RT @davidgokhshtein: If you wait for things to get perfect you will never succeed.

#cryptocurrency",['cryptocurrency'],[],0,Moon üêïüöÄüåï,0,False,126,Sun Nov 15 13:20:15 +0000 2020,,"<a href=""http://twitter.com/download/iphone"" rel=""nofollow"">Twitter for iPhone</a>","[{'screen_name': 'davidgokhshtein', 'name': 'David Gokhshtein', 'id': 170049408, 'id_str': '170049408', 'indices': [3, 19]}]",http://pbs.twimg.com/profile_images/1399377778336804864/8muoS88u_normal.jpg
1400567891007885312,Crypto__Tony,82157583,2021-06-03 21:39:41+00:00,"RT @CryptoTony__: So many amazing things happening in the #Cryptocurrency sphere 

The charts aside .. The fundamentals around us are simpl...",['Cryptocurrency'],[],0,,0,False,16776,Tue Oct 13 18:27:49 +0000 2009,,"<a href=""http://twitter.com/download/iphone"" rel=""nofollow"">Twitter for iPhone</a>","[{'screen_name': 'CryptoTony__', 'name': 'Crypto Tony', 'id': 893111826254356481, 'id_str': '893111826254356481', 'indices': [3, 16]}]",http://pbs.twimg.com/profile_images/1393173383328804867/3ZFv3SqU_normal.jpg
1400567892182134786,gggggnaw,16268262,2021-06-03 21:39:41+00:00,"RT @ForbesCrypto: Google has updated its advertising policy to allow cryptocurrency wallets to advertise globally for the first time, as lo...",[],[],0,Macau,0,False,78,Sat Sep 13 03:54:31 +0000 2008,,"<a href=""http://twitter.com/download/android"" rel=""nofollow"">Twitter for Android</a>","[{'screen_name': 'ForbesCrypto', 'name': 'Forbes Crypto', 'id': 902282851499917312, 'id_str': '902282851499917312', 'indices': [3, 16]}]",http://pbs.twimg.com/profile_images/1363828944386990085/jno4P3Wk_normal.jpg
1400567894489157637,johnk69551439,1087225542401769472,2021-06-03 21:39:41+00:00,"RT @Benzinga: Why Dogecoin Can Hit 75 Cents Again, According To @MattWallace888 

https://t.co/y8k2XRJQvc",[],[],0,"Brooklyn, NY",0,False,75,Mon Jan 21 05:49:03 +0000 2019,,"<a href=""http://twitter.com/download/iphone"" rel=""nofollow"">Twitter for iPhone</a>","[{'screen_name': 'Benzinga', 'name': 'Benzinga', 'id': 44060322, 'id_str': '44060322', 'indices': [3, 12]}, {'screen_name': 'MattWallace888', 'name': 'Matt Wallace ‚ö†Ô∏è', 'id': 805532293951606785, 'id_str': '805532293951606785', 'indices': [64, 79]}]",http://pbs.twimg.com/profile_images/1387764483116912641/yogi5ivz_normal.jpg
1400567900394733569,indianaabasi1,3289104040,2021-06-03 21:39:43+00:00,This project has got so much potential,[],[],0,,0,False,22,Mon May 18 21:29:03 +0000 2015,,"<a href=""https://mobile.twitter.com"" rel=""nofollow"">Twitter Web App</a>",[],http://pbs.twimg.com/profile_images/927797338822922240/72BukjV9_normal.jpg
1400567901568999426,soulmahony,717917260526915590,2021-06-03 21:39:43+00:00,"RT @InuXiasi: I'll give 50$ to one random person who RT and likes this + upvotes Xiasi Inu https://t.co/R4X1YrvuHB

#cryptocurrency 
#Binan...",['cryptocurrency'],[],0,,0,False,61,Thu Apr 07 03:29:47 +0000 2016,,"<a href=""http://twitter.com/download/iphone"" rel=""nofollow"">Twitter for iPhone</a>","[{'screen_name': 'InuXiasi', 'name': 'Xiasi Inu', 'id': 1395808836037103621, 'id_str': '1395808836037103621', 'indices': [3, 12]}]",http://pbs.twimg.com/profile_images/1387361906466312193/Z9Zmg4pp_normal.jpg
1400567902827388933,elblogdecripto,1367570797284511746,2021-06-03 21:39:43+00:00,"RT @ForbesCrypto: Google has updated its advertising policy to allow cryptocurrency wallets to advertise globally for the first time, as lo...",[],[],0,Word Wide,0,False,43,Thu Mar 04 20:21:07 +0000 2021,,"<a href=""http://twitter.com/download/android"" rel=""nofollow"">Twitter for Android</a>","[{'screen_name': 'ForbesCrypto', 'name': 'Forbes Crypto', 'id': 902282851499917312, 'id_str': '902282851499917312', 'indices': [3, 16]}]",http://pbs.twimg.com/profile_images/1375887072704204803/Nshx-kJT_normal.jpg
1400567906598113281,shilgbunny,1397547885990907904,2021-06-03 21:39:44+00:00,"GIVEAWAY LIVE NOOOOWW
$200 value 

#CryptoNews #fashion #Rema #Dogecoin #Nfts #PancakeSwap #cryptospace... https://t.co/xrxCr2Ve4Y","['CryptoNews', 'fashion', 'Rema', 'Dogecoin', 'Nfts', 'PancakeSwap', 'cryptospace']",[],0,"Bogot√°, D.C., Colombia",0,False,72,Wed May 26 13:39:31 +0000 2021,,"<a href=""http://twitter.com/download/iphone"" rel=""nofollow"">Twitter for iPhone</a>",[],http://pbs.twimg.com/profile_images/1399385153357627392/kx-Yv1dE_normal.jpg
1400567907919269895,PoodlK,1394448484091236354,2021-06-03 21:39:45+00:00,RT @AltcoinRadarYT: What is DEXA coin? Learn about DEXA coin from a beginners' perspective! @DEXA_COIN $DEXA #cryptocurrencies #crypto #blo...,"['cryptocurrencies', 'crypto']",[],0,,0,False,106,Tue May 18 00:23:36 +0000 2021,,"<a href=""https://mobile.twitter.com"" rel=""nofollow"">Twitter Web App</a>","[{'screen_name': 'AltcoinRadarYT', 'name': 'Altcoin Radar', 'id': 1364690947007795204, 'id_str': '1364690947007795204', 'indices': [3, 18]}, {'screen_name': 'DEXA_COIN', 'name': 'DEXA COIN (DEXA)', 'id': 1105932003768238081, 'id_str': '1105932003768238081', 'indices': [92, 102]}]",http://pbs.twimg.com/profile_images/1394450184344645636/Brp2Vskk_normal.jpg
1400567921282367489,MJaadan,1439718806,2021-06-03 21:39:48+00:00,"RT @CoinMarketCap: Part 3 of Trending Tokens:

 Top Trending Token in Americas last week   

Check out the rest of the trending tokens he...",[],[],0,Yemen Sanaa ,0,False,10086,Sat May 18 23:40:12 +0000 2013,,"<a href=""http://twitter.com/download/android"" rel=""nofollow"">Twitter for Android</a>","[{'screen_name': 'CoinMarketCap', 'name': 'CoinMarketCap', 'id': 2260491445, 'id_str': '2260491445', 'indices': [3, 17]}]",http://pbs.twimg.com/profile_images/887337749832925185/PSv8cpZu_normal.jpg
1400567932351098891,cryptone8G,1394352476309045255,2021-06-03 21:39:51+00:00,RT @cryptone8G: @ProTheDoge $PUSSY can be your 2nd doge man check it out it has lot of potential @PUSSYFinancial #memecoin #cryptogem #cryp...,"['memecoin', 'cryptogem']",[],0,,0,False,87,Mon May 17 18:01:59 +0000 2021,,"<a href=""http://twitter.com/download/android"" rel=""nofollow"">Twitter for Android</a>","[{'screen_name': 'cryptone8G', 'name': 'UNO', 'id': 1394352476309045255, 'id_str': '1394352476309045255', 'indices': [3, 14]}, {'screen_name': 'ProTheDoge', 'name': 'SlumDOGE Millionaire', 'id': 1358176095850229761, 'id_str': '1358176095850229761', 'indices': [16, 27]}, {'screen_name': 'PUSSYFinancial', 'name': 'PUSSY', 'id': 1384500995049275393, 'id_str': '1384500995049275393', 'indices': [97, 112]}]",http://pbs.twimg.com/profile_images/1399380126656253958/vg7M9Zna_normal.jpg
1400567933982683136,saifRana066,815909979437797376,2021-06-03 21:39:51+00:00,"RT @ZakaWaqar: Simple question , why not regulate crypto when there is no FATF issue ? https://t.co/QFHjTbJhao",[],[],0,"Bahawalpur, Pakistan",0,False,84,Mon Jan 02 13:17:52 +0000 2017,,"<a href=""http://twitter.com/download/android"" rel=""nofollow"">Twitter for Android</a>","[{'screen_name': 'ZakaWaqar', 'name': 'Waqar Zaka', 'id': 1144885988, 'id_str': '1144885988', 'indices': [3, 13]}]",http://pbs.twimg.com/profile_images/1049722192882216960/nWL9d39l_normal.jpg
1400567934842507267,SEkmekkap,1340049630390849536,2021-06-03 21:39:51+00:00,"RT @Crypto_novae:  Prepare for Beta! 

Become one of 300 exclusive Beta testers!

$YAE #cryptocurrency #BSC #ETH 

https://t.co/SI1QRtew2A","['cryptocurrency', 'BSC', 'ETH']",[],0,,0,False,0,Fri Dec 18 21:41:57 +0000 2020,,"<a href=""http://twitter.com/download/android"" rel=""nofollow"">Twitter for Android</a>","[{'screen_name': 'Crypto_novae', 'name': 'Cryptonovae', 'id': 1243568696188166146, 'id_str': '1243568696188166146', 'indices': [3, 16]}]",http://pbs.twimg.com/profile_images/1340049801619132416/nSnzErpI_normal.jpg
1400567935412834304,Princea36248200,1400562091451289601,2021-06-03 21:39:51+00:00,RT @multi_stellar: The first articles about #MultiStellar were published. Much more will follow in the next days. Take a look at one of the...,['MultiStellar'],[],0,,0,False,0,Thu Jun 03 21:16:47 +0000 2021,,"<a href=""https://mobile.twitter.com"" rel=""nofollow"">Twitter Web App</a>","[{'screen_name': 'multi_stellar', 'name': 'MultiStellar', 'id': 1396181289330487301, 'id_str': '1396181289330487301', 'indices': [3, 17]}]",http://abs.twimg.com/sticky/default_profile_images/default_profile_normal.png
1400567938999099394,CryptoNDaily,1020326567048810496,2021-06-03 21:39:52+00:00,Cardano x Ergo: Explained /r/CryptoCurrency https://t.co/VDKGJdMq8K https://t.co/c4bQGj0ZFj,[],[],0,United States,0,False,230,Fri Jul 20 15:16:25 +0000 2018,,"<a href=""https://ifttt.com"" rel=""nofollow"">IFTTT</a>",[],http://pbs.twimg.com/profile_images/1020327815432974337/SGsJ87BS_normal.jpg
1400567939548516357,saeedbehroozi2,1400550566162538497,2021-06-03 21:39:52+00:00,"RT @Crypto_novae:  Prepare for Beta! 

Become one of 300 exclusive Beta testers!

$YAE #cryptocurrency #BSC #ETH 

https://t.co/SI1QRtew2A","['cryptocurrency', 'BSC', 'ETH']",[],0,,0,False,0,Thu Jun 03 20:40:23 +0000 2021,,"<a href=""https://mobile.twitter.com"" rel=""nofollow"">Twitter Web App</a>","[{'screen_name': 'Crypto_novae', 'name': 'Cryptonovae', 'id': 1243568696188166146, 'id_str': '1243568696188166146', 'indices': [3, 16]}]",http://abs.twimg.com/sticky/default_profile_images/default_profile_normal.png
1400567940114755586,AlbertoFdez20,910167244491120641,2021-06-03 21:39:52+00:00,"RT @EnoToken: The 1st wine token community in the World is here! 
Pre-sale coming soon. 
Register your email adress at
https://t.co/...",[],[],0,,0,False,31,Tue Sep 19 15:42:36 +0000 2017,,"<a href=""http://twitter.com/download/iphone"" rel=""nofollow"">Twitter for iPhone</a>","[{'screen_name': 'EnoToken', 'name': 'ENO Token', 'id': 753091758, 'id_str': '753091758', 'indices': [3, 12]}]",http://pbs.twimg.com/profile_images/1397613052028235776/4nTu7WVS_normal.jpg
1400567947471556609,SjpCrypto,1377309176192512001,2021-06-03 21:39:54+00:00,Ok let's talk $MEOW is a decentralized community driven cryptocurrency with automatic rewards for all holders. ... https://t.co/JPCUSxWGQn,[],[],0,,0,False,666,Wed Mar 31 17:18:00 +0000 2021,,"<a href=""http://twitter.com/download/android"" rel=""nofollow"">Twitter for Android</a>",[],http://pbs.twimg.com/profile_images/1396351957560926211/hbkdUukC_normal.jpg
1400567949358944257,Emers04773265,1367116489845841921,2021-06-03 21:39:55+00:00,"RT @Crypto_novae:  Prepare for Beta! 

Become one of 300 exclusive Beta testers!

$YAE #cryptocurrency #BSC #ETH 

https://t.co/SI1QRtew2A","['cryptocurrency', 'BSC', 'ETH']",[],0,,0,False,9,Wed Mar 03 14:15:58 +0000 2021,,"<a href=""https://mobile.twitter.com"" rel=""nofollow"">Twitter Web App</a>","[{'screen_name': 'Crypto_novae', 'name': 'Cryptonovae', 'id': 1243568696188166146, 'id_str': '1243568696188166146', 'indices': [3, 16]}]",http://pbs.twimg.com/profile_images/1399472986609029120/yj8wcyKy_normal.jpg
1400567963971993606,blaka__,951824506074615808,2021-06-03 21:39:58+00:00,"RT @FatManWithGems: Hathor are hiring a social media Manager 
https://t.co/WPcnHdIWqn

$HTR @kucoincom @AscendEX_Global @HathorNetwork #...",[],[],0,,0,False,25,Fri Jan 12 14:33:41 +0000 2018,,"<a href=""https://mobile.twitter.com"" rel=""nofollow"">Twitter Web App</a>","[{'screen_name': 'FatManWithGems', 'name': 'X100 HUNTER', 'id': 486575899, 'id_str': '486575899', 'indices': [3, 18]}, {'screen_name': 'kucoincom', 'name': 'KUCOIN', 'id': 910110294625492992, 'id_str': '910110294625492992', 'indices': [95, 105]}, {'screen_name': 'AscendEX_Global', 'name': 'AscendEX', 'id': 1007389104701673473, 'id_str': '1007389104701673473', 'indices': [106, 122]}, {'screen_name': 'HathorNetwork', 'name': 'Hathor Network', 'id': 1004875405126524929, 'id_str': '1004875405126524929', 'indices': [123, 137]}]",http://pbs.twimg.com/profile_images/1400192410467045383/STYOCowI_normal.jpg
1400567969810354189,Mimmolino87,875880085554950144,2021-06-03 21:39:59+00:00,"RT @Benzinga: Why Dogecoin Can Hit 75 Cents Again, According To @MattWallace888 

https://t.co/y8k2XRJQvc",[],[],0,,0,False,38,Sat Jun 17 00:57:40 +0000 2017,,"<a href=""https://mobile.twitter.com"" rel=""nofollow"">Twitter Web App</a>","[{'screen_name': 'Benzinga', 'name': 'Benzinga', 'id': 44060322, 'id_str': '44060322', 'indices': [3, 12]}, {'screen_name': 'MattWallace888', 'name': 'Matt Wallace ‚ö†Ô∏è', 'id': 805532293951606785, 'id_str': '805532293951606785', 'indices': [64, 79]}]",http://pbs.twimg.com/profile_images/1394832208599339012/y5egYrOl_normal.jpg
1400567971022397445,mx24gh,1272804185478762502,2021-06-03 21:40:00+00:00,Crypto &amp; Stock Analyst @ebkankam says news &amp; it's tendency to distract as well as schemes that promise huge returns... https://t.co/QH6v5105cy,[],[],0,,0,False,9550,Tue Jun 16 08:12:54 +0000 2020,,"<a href=""https://mobile.twitter.com"" rel=""nofollow"">Twitter Web App</a>","[{'screen_name': 'ebkankam', 'name': 'Emmanuel Kankam', 'id': 464120672, 'id_str': '464120672', 'indices': [27, 36]}]",http://pbs.twimg.com/profile_images/1337776025032396801/BVpgVEQl_normal.jpg
1400567971953717251,Scott10580130,1362085521544146952,2021-06-03 21:40:00+00:00,Amazon: Please accept Shiba Inu cryptocurrency as payment for Amazon products and services - Sign the Petition!... https://t.co/t9YLy1IXik,[],[],0,,0,False,1,Wed Feb 17 17:04:39 +0000 2021,,"<a href=""https://mobile.twitter.com"" rel=""nofollow"">Twitter Web App</a>",[],http://abs.twimg.com/sticky/default_profile_images/default_profile_normal.png
1400567972435877892,the_loyal_dude_,1279879959255736322,2021-06-03 21:40:00+00:00,"RT @OfficialNovixel: Follow @OfficialNovixel for a 100,000 $NOV giveaway! 
+ Bonus $50 cash prize!

Starts Tomorrow Night, Stay Tuned!
#Cry...",[],[],0,,0,False,56,Sun Jul 05 20:49:08 +0000 2020,,"<a href=""http://twitter.com/download/android"" rel=""nofollow"">Twitter for Android</a>","[{'screen_name': 'OfficialNovixel', 'name': '‚òïÔ∏èüñ±Ô∏èNovixelüñ±Ô∏è‚òïÔ∏è', 'id': 2211916536, 'id_str': '2211916536', 'indices': [3, 19]}, {'screen_name': 'OfficialNovixel', 'name': '‚òïÔ∏èüñ±Ô∏èNovixelüñ±Ô∏è‚òïÔ∏è', 'id': 2211916536, 'id_str': '2211916536', 'indices': [28, 44]}]",http://pbs.twimg.com/profile_images/1388337711052771330/DG7vCYQp_normal.jpg
1400567979578961926,Brahimbrams11,1400370121982582784,2021-06-03 21:40:02+00:00,"RT @Crypto_novae:  Prepare for Beta! 

Become one of 300 exclusive Beta testers!

$YAE #cryptocurrency #BSC #ETH 

https://t.co/SI1QRtew2A","['cryptocurrency', 'BSC', 'ETH']",[],0,,0,False,0,Thu Jun 03 08:35:32 +0000 2021,,"<a href=""https://mobile.twitter.com"" rel=""nofollow"">Twitter Web App</a>","[{'screen_name': 'Crypto_novae', 'name': 'Cryptonovae', 'id': 1243568696188166146, 'id_str': '1243568696188166146', 'indices': [3, 16]}]",http://pbs.twimg.com/profile_images/1400370720098689026/lkjPVIJ8_normal.jpg
1400567981126598662,cryptone8G,1394352476309045255,2021-06-03 21:40:02+00:00,RT @Cryptokiwiart: @stoolpresidente you want to invest in an excellent cryptocurrency? I recommend this memecoin $PUSSY @PUSSYFinancial #cr...,[],[],0,,0,False,87,Mon May 17 18:01:59 +0000 2021,,"<a href=""http://twitter.com/download/android"" rel=""nofollow"">Twitter for Android</a>","[{'screen_name': 'Cryptokiwiart', 'name': 'Crypto kiwi', 'id': 1368335163852259330, 'id_str': '1368335163852259330', 'indices': [3, 17]}, {'screen_name': 'stoolpresidente', 'name': 'Dave Portnoy', 'id': 43775786, 'id_str': '43775786', 'indices': [19, 35]}, {'screen_name': 'PUSSYFinancial', 'name': 'PUSSY', 'id': 1384500995049275393, 'id_str': '1384500995049275393', 'indices': [120, 135]}]",http://pbs.twimg.com/profile_images/1399380126656253958/vg7M9Zna_normal.jpg
1400567982628159495,BitconBot,1349533110606716930,2021-06-03 21:40:03+00:00,"Current Bitcoin Price:
USD $38,793.04
GBP PS27,502.87
Euro EUR31,989.21
#bitcoin #btc $btc #btcusd #btcgbp #btceur #crypto #cryptocurrency","['bitcoin', 'btc', 'btcusd', 'btcgbp', 'btceur', 'crypto', 'cryptocurrency']",[],0,Everywhere,0,False,59,Thu Jan 14 01:46:09 +0000 2021,,"<a href=""https://help.twitter.com/en/using-twitter/how-to-tweet#source-labels"" rel=""nofollow"">bitcoin_bot1</a>",[],http://pbs.twimg.com/profile_images/1350520651178766338/ecb6A38C_normal.jpg
1400567985610260484,BitcoinInfoVIP1,1371602002728386564,2021-06-03 21:40:03+00:00,"#CryptoJobs Product Manager, Cryptocurrency &amp; NFT - Remote https://t.co/esBDtb8PSs",['CryptoJobs'],[],0,"Nova Scotia, Canada",0,False,250,Mon Mar 15 23:20:09 +0000 2021,,"<a href=""https://dlvrit.com/"" rel=""nofollow"">dlvr.it</a>",[],http://pbs.twimg.com/profile_images/1371602426189508608/htJq2kvG_normal.jpg
1400567987288031244,Airdropnotecom,818174358862622720,2021-06-03 21:40:04+00:00,"RT @Airdropnotecom: #Bitcoin #Satoshi #ico #token #cryptocurrency #blockchain #Airdrop
ArecaSwap Airdrop Is Now Live 

 Claim Your 6.000....","['Bitcoin', 'Satoshi', 'ico', 'token', 'cryptocurrency', 'blockchain', 'Airdrop']",[],0,Blockchain,0,False,1302,Sun Jan 08 19:15:42 +0000 2017,,"<a href=""https://mobile.twitter.com"" rel=""nofollow"">Twitter Web App</a>","[{'screen_name': 'Airdropnotecom', 'name': 'Crypto Airdrops', 'id': 818174358862622720, 'id_str': '818174358862622720', 'indices': [3, 18]}]",http://pbs.twimg.com/profile_images/1024335297037914112/EGgCmXkM_normal.jpg
1400567987891933185,akk7re,1086529764024700929,2021-06-03 21:40:04+00:00,"RT @InuXiasi: I'll give 50$ to one random person who RT and likes this + upvotes Xiasi Inu https://t.co/R4X1YrvuHB

#cryptocurrency 
#Binan...",['cryptocurrency'],[],0,she/they,0,False,15,Sat Jan 19 07:44:17 +0000 2019,,"<a href=""http://twitter.com/download/android"" rel=""nofollow"">Twitter for Android</a>","[{'screen_name': 'InuXiasi', 'name': 'Xiasi Inu', 'id': 1395808836037103621, 'id_str': '1395808836037103621', 'indices': [3, 12]}]",http://pbs.twimg.com/profile_images/1399040441249517573/rgHAgVQz_normal.jpg
1400567991696347139,AHMETLKNUR2,1387769877172310021,2021-06-03 21:40:05+00:00,"@BittrexExchange For cryptocurrency, there are really a lot of interesting projects right now. And I believe that b... https://t.co/Odq0eGCV53",[],[],0,,0,False,54,Thu Apr 29 14:05:04 +0000 2021,,"<a href=""https://mobile.twitter.com"" rel=""nofollow"">Twitter Web App</a>","[{'screen_name': 'BittrexExchange', 'name': 'Bittrex', 'id': 2309637680, 'id_str': '2309637680', 'indices': [0, 16]}]",http://pbs.twimg.com/profile_images/1396914950455578627/umpMwQ8R_normal.jpg
1400567996536459267,hackernoon,716348353915686912,2021-06-03 21:40:06+00:00,"""Why Decentralized Crowdfunding Could Be The Better Option "" by @Nikopolos https://t.co/euNYhAGhic #crowdfunding #cryptocurrency","['crowdfunding', 'cryptocurrency']",[],0,"World Wide Web, & Colorado ",0,False,64696,Sat Apr 02 19:35:31 +0000 2016,,"<a href=""https://hackernoon.com"" rel=""nofollow"">Hacker Noon</a>","[{'screen_name': 'Nikopolos', 'name': 'Andrey Sergeenkov', 'id': 40288547, 'id_str': '40288547', 'indices': [64, 74]}]",http://pbs.twimg.com/profile_images/1400413778496217091/MGLsB3U9_normal.jpg
1400567996725272590,hippiedoo,213435532,2021-06-03 21:40:06+00:00,"RT @ForbesCrypto: Google has updated its advertising policy to allow cryptocurrency wallets to advertise globally for the first time, as lo...",[],[],0,"Fort Myers, FL",0,False,95,Mon Nov 08 22:41:00 +0000 2010,,"<a href=""http://twitter.com/download/iphone"" rel=""nofollow"">Twitter for iPhone</a>","[{'screen_name': 'ForbesCrypto', 'name': 'Forbes Crypto', 'id': 902282851499917312, 'id_str': '902282851499917312', 'indices': [3, 16]}]",http://pbs.twimg.com/profile_images/1379888774880972800/uVLIYLgO_normal.jpg
1400567997693972482,NNelkaanshor,2261208218,2021-06-03 21:40:06+00:00,"RT @alix_bibi: $75 GIVEAWAY ~ 24 HOURS 

- RT this 
- follow me &amp;  @hckhouse  project from 2014 that will launch his own cryptocurrency ab...",[],[],0,"Kerinci, Jambi",0,False,101,Wed Dec 25 08:10:12 +0000 2013,,"<a href=""http://twitter.com/download/android"" rel=""nofollow"">Twitter for Android</a>","[{'screen_name': 'alix_bibi', 'name': 'Alexa Crypto Giveaways üöÄüí∞', 'id': 1395315651842121730, 'id_str': '1395315651842121730', 'indices': [3, 13]}, {'screen_name': 'hckhouse', 'name': 'HackerHouse | $HCK', 'id': 4098882575, 'id_str': '4098882575', 'indices': [72, 81]}]",http://pbs.twimg.com/profile_images/1399678705874530311/l1ACdMRl_normal.jpg
1400568007215177740,MegaCerebrito,1013513966,2021-06-03 21:40:08+00:00,"RT @Rovient: Ah yes, antivirus software finally completing its inevitable transition from ""useful software"", to ""effectively malware"" to ""a...",[],[],0,"Palma, Illes Balears",0,False,472,Sat Dec 15 16:23:22 +0000 2012,,"<a href=""http://twitter.com/download/android"" rel=""nofollow"">Twitter for Android</a>","[{'screen_name': 'Rovient', 'name': 'Daniel Leaver (Riot Rovient)', 'id': 115236840, 'id_str': '115236840', 'indices': [3, 11]}]",http://pbs.twimg.com/profile_images/1293171128337301505/ZSGhKy4F_normal.jpg
1400568007571640320,jhonM2447,1316062936251592705,2021-06-03 21:40:08+00:00,"RT @tatatoken: Our next AMA will be conducted on 

Sunday, June the 6th. 

Make sure to record your AMA questions on our discord AMA channe...",[],[],0,,0,False,26,Tue Oct 13 17:07:32 +0000 2020,,"<a href=""http://twitter.com/download/android"" rel=""nofollow"">Twitter for Android</a>","[{'screen_name': 'tatatoken', 'name': 'Hakuna Matata', 'id': 1389721169872527365, 'id_str': '1389721169872527365', 'indices': [3, 13]}]",http://pbs.twimg.com/profile_images/1386604727454949379/YWFuQU9y_normal.jpg
1400568006724313090,brain_pasta,365783061,2021-06-03 21:40:08+00:00,"NEW #IDLEMINDS DROP ON @opensea 
""WHERE IS YOUR MIND""
1/1
.1 ETH

#nft #nftart #nftartist #nftartists #NFT... https://t.co/Vx6UKKl3YN","['IDLEMINDS', 'nft', 'nftart', 'nftartist', 'nftartists', 'NFT']",[],0,Nowhere,0,False,4098,Thu Sep 01 00:44:58 +0000 2011,,"<a href=""https://mobile.twitter.com"" rel=""nofollow"">Twitter Web App</a>","[{'screen_name': 'opensea', 'name': 'OpenSea', 'id': 946213559213555712, 'id_str': '946213559213555712', 'indices': [23, 31]}]",http://pbs.twimg.com/profile_images/1398722478638125059/KFRse1Ds_normal.jpg
1400568009643630595,MondragonYeji,1360025361564672003,2021-06-03 21:40:09+00:00,"RT @InuXiasi: I'll give 50$ to one random person who RT and likes this + upvotes Xiasi Inu https://t.co/R4X1YrvuHB

#cryptocurrency 
#Binan...",['cryptocurrency'],[],0,,0,False,37,Fri Feb 12 00:38:23 +0000 2021,,"<a href=""http://twitter.com/download/iphone"" rel=""nofollow"">Twitter for iPhone</a>","[{'screen_name': 'InuXiasi', 'name': 'Xiasi Inu', 'id': 1395808836037103621, 'id_str': '1395808836037103621', 'indices': [3, 12]}]",http://pbs.twimg.com/profile_images/1395174417093722112/NiJl38Vf_normal.jpg
1400568012680302595,S_Stallion07,935530877819404288,2021-06-03 21:40:10+00:00,RT @ChromecoinO: Official Airdrop of ChromeCoin live in our Telegram! Make sure to check it out to be a part of one of the largest projects...,[],[],0,,0,False,32,Tue Nov 28 15:28:37 +0000 2017,,"<a href=""http://twitter.com/download/android"" rel=""nofollow"">Twitter for Android</a>","[{'screen_name': 'ChromecoinO', 'name': 'ChromeCoin Official', 'id': 1399420565564297220, 'id_str': '1399420565564297220', 'indices': [3, 15]}]",http://pbs.twimg.com/profile_images/1262134715525419008/JxZhrjeZ_normal.jpg
1400568016090193927,bypanggg,1622279076,2021-06-03 21:40:10+00:00,"RT @StarCashBSC: Pre-Sale is still live on @dxsale 
20% Of the liquidity will be burnt after launch 
50% Of the liquidity will be burnt t...",[],[],0,Surakarta,0,False,469,Fri Jul 26 07:23:51 +0000 2013,,"<a href=""http://twitter.com/download/android"" rel=""nofollow"">Twitter for Android</a>","[{'screen_name': 'StarCashBSC', 'name': 'StarCash', 'id': 1400271008943194112, 'id_str': '1400271008943194112', 'indices': [3, 15]}, {'screen_name': 'dxsale', 'name': 'DxSALE', 'id': 1294065427568631809, 'id_str': '1294065427568631809', 'indices': [43, 50]}]",http://pbs.twimg.com/profile_images/1398838045575573507/qvvoaz2A_normal.jpg
1400568016727941121,CryptoNewswire,771502019471220736,2021-06-03 21:40:11+00:00,"Product Manager, Cryptocurrency &amp; NFT - Remote - https://t.co/AqfeeeTBdE #news #fintech #cryptocurrency","['news', 'fintech', 'cryptocurrency']",[],0,,0,False,9255,Fri Sep 02 00:16:30 +0000 2016,,"<a href=""http://cryptonewswire.com/"" rel=""nofollow"">CryptoNewswire</a>",[],http://pbs.twimg.com/profile_images/794271147399335936/wP92-Lk9_normal.jpg
1400568016803287048,DoMeAFlavorTown,714220672268894209,2021-06-03 21:40:11+00:00,Okay. Some people just eat the whole development is disgusting and contrary to expectations inflation were to move... https://t.co/YjKnRmNH2i,[],[],0,Flavortown,0,False,208,Sun Mar 27 22:40:52 +0000 2016,,"<a href=""http://www.slightlydistracted.com"" rel=""nofollow"">FlavorTown</a>",[],http://pbs.twimg.com/profile_images/1394119385371922439/DK5Z2kXa_normal.jpg
1400568018741207045,Halilbr43517532,1400557175190310918,2021-06-03 21:40:11+00:00,"RT @Crypto_novae:  Prepare for Beta! 

Become one of 300 exclusive Beta testers!

$YAE #cryptocurrency #BSC #ETH 

https://t.co/SI1QRtew2A","['cryptocurrency', 'BSC', 'ETH']",[],0,,0,False,0,Thu Jun 03 20:57:16 +0000 2021,,"<a href=""http://twitter.com/download/android"" rel=""nofollow"">Twitter for Android</a>","[{'screen_name': 'Crypto_novae', 'name': 'Cryptonovae', 'id': 1243568696188166146, 'id_str': '1243568696188166146', 'indices': [3, 16]}]",http://pbs.twimg.com/profile_images/1400557363300548611/F9I7LkL3_normal.jpg
1400568022893576194,momari1985,2670787344,2021-06-03 21:40:12+00:00,"RT @davidgokhshtein: If you wait for things to get perfect you will never succeed.

#cryptocurrency",['cryptocurrency'],[],0,,0,False,123,Tue Jul 22 22:09:33 +0000 2014,,"<a href=""http://twitter.com/download/iphone"" rel=""nofollow"">Twitter for iPhone</a>","[{'screen_name': 'davidgokhshtein', 'name': 'David Gokhshtein', 'id': 170049408, 'id_str': '170049408', 'indices': [3, 19]}]",http://pbs.twimg.com/profile_images/1394469858021097476/WVXLRKGC_normal.jpg
1400568022868262912,Darin_T80,407106950,2021-06-03 21:40:12+00:00,"I'll come out and say it... 

There is a HUGE GAP in quality financial advice from competent professionals about cryp... https://t.co/SlcNcb6EbK",[],[],0,"Corona, CA",0,False,670,Mon Nov 07 16:59:59 +0000 2011,,"<a href=""http://twitter.com/download/iphone"" rel=""nofollow"">Twitter for iPhone</a>",[],http://pbs.twimg.com/profile_images/1380022710340780034/CBBmMMjy_normal.jpg
1400568024277520386,PepperPlanta,283402871,2021-06-03 21:40:12+00:00,"RT @BankXRP: Asia Broadband Proprietary Cryptocurrency Exchange

Upgrade to add the Ripple XRP network to increase the platform's bandwidth...",[],[],0,"Los Angeles, CA",0,False,457,Sun Apr 17 06:45:48 +0000 2011,,"<a href=""http://twitter.com/download/android"" rel=""nofollow"">Twitter for Android</a>","[{'screen_name': 'BankXRP', 'name': 'ùóïùóÆùóªùó∏XRP', 'id': 937342499093471232, 'id_str': '937342499093471232', 'indices': [3, 11]}]",http://pbs.twimg.com/profile_images/1393720270423089156/tf6YBHyp_normal.jpg
1400568024806088708,modytrr,606310189,2021-06-03 21:40:13+00:00,"RT @ForbesCrypto: Google has updated its advertising policy to allow cryptocurrency wallets to advertise globally for the first time, as lo...",[],[],0,Egypt,0,False,85,Tue Jun 12 13:11:28 +0000 2012,,"<a href=""http://twitter.com/download/android"" rel=""nofollow"">Twitter for Android</a>","[{'screen_name': 'ForbesCrypto', 'name': 'Forbes Crypto', 'id': 902282851499917312, 'id_str': '902282851499917312', 'indices': [3, 16]}]",http://pbs.twimg.com/profile_images/1287885836659326976/zzWGhy-w_normal.jpg
1400568598737862656,gtsamprince,1400444960210620419,2021-06-03 21:42:29+00:00,"RT @safemooncash: 72hours Twitter #Giveaway! 
200$ x 5 lucky winners! 

 Retweet this Tweet
 Reply with $SMC #SAFEMOONCASH 
 Follow us...","['Giveaway', 'SAFEMOONCASH']","[{'screen_name': 'safemooncash', 'name': 'Safemoon Cash $SMC', 'id': 1384528757181009921, 'id_str': '1384528757181009921', 'indices': [3, 16]}]",http://pbs.twimg.com/profile_images/1400445586567057415/FKhw2pxd_normal.jpg,0,,0,False,21,Thu Jun 03 13:31:26 +0000 2021,,"<a href=""http://twitter.com/download/android"" rel=""nofollow"">Twitter for Android</a>"
1400568602701430789,Abhishe01582727,1371555136959508482,2021-06-03 21:42:30+00:00,"RT @BrushUpCrypto: Blockchain is gonna be massive for Identities and supply chain. Dock Network is one of the best projects in this ... 

N...",[],"[{'screen_name': 'BrushUpCrypto', 'name': 'BrushUp Crypto', 'id': 1248335532288913408, 'id_str': '1248335532288913408', 'indices': [3, 17]}]",http://abs.twimg.com/sticky/default_profile_images/default_profile_normal.png,0,,0,False,2,Mon Mar 15 20:13:29 +0000 2021,,"<a href=""http://twitter.com/download/android"" rel=""nofollow"">Twitter for Android</a>"
1400568603695587330,Mimmolino87,875880085554950144,2021-06-03 21:42:31+00:00,RT @MattWallace888: @coinbase Coinbase is going to change the game for #Dogecoin. They will make it way easier to buy/sell using $Doge and...,['Dogecoin'],"[{'screen_name': 'MattWallace888', 'name': 'Matt Wallace ‚ö†Ô∏è', 'id': 805532293951606785, 'id_str': '805532293951606785', 'indices': [3, 18]}, {'screen_name': 'coinbase', 'name': 'Coinbase üîú DOGE', 'id': 574032254, 'id_str': '574032254', 'indices': [20, 29]}]",http://pbs.twimg.com/profile_images/1394832208599339012/y5egYrOl_normal.jpg,0,,0,False,38,Sat Jun 17 00:57:40 +0000 2017,,"<a href=""https://mobile.twitter.com"" rel=""nofollow"">Twitter Web App</a>"
1400568609030631425,Bailey5connois1,1375660887181127684,2021-06-03 21:42:32+00:00,"RT @InsiderToken: 100.000.000 $NSD GIVEAWAY

To Join:
 Follow @InsiderToken 
 RT this &amp;  pinned tweet 
 Join https://t.co/qwUUR6MoOZ

#...",[],"[{'screen_name': 'InsiderToken', 'name': 'Insider AI Offical', 'id': 1049759034348310534, 'id_str': '1049759034348310534', 'indices': [3, 16]}, {'screen_name': 'InsiderToken', 'name': 'Insider AI Offical', 'id': 1049759034348310534, 'id_str': '1049759034348310534', 'indices': [64, 77]}]",http://pbs.twimg.com/profile_images/1397789818013110272/_FeakUyd_normal.jpg,0,,0,False,15,Sat Mar 27 04:08:16 +0000 2021,,"<a href=""https://mobile.twitter.com"" rel=""nofollow"">Twitter Web App</a>"
1400568609710034946,Pickmepls16,1192365851183206400,2021-06-03 21:42:32+00:00,"RT @sof1azara03: $60 Giveaway || 24hrs

- RT and follow @CoinDiscoveryy 

____
The best place to discover presales, new &amp; trending coins so...",[],"[{'screen_name': 'sof1azara03', 'name': '‚ìà‚ìû‚ìï‚ìò‚ìê CRYPTO GIVEAWAYS', 'id': 4920946291, 'id_str': '4920946291', 'indices': [3, 15]}, {'screen_name': 'CoinDiscoveryy', 'name': 'CoinDiscovery', 'id': 1399081212291866625, 'id_str': '1399081212291866625', 'indices': [56, 71]}]",http://pbs.twimg.com/profile_images/1398800208234901505/8VMU-JBv_normal.jpg,0,,0,False,91,Thu Nov 07 08:59:16 +0000 2019,,"<a href=""http://twitter.com/download/android"" rel=""nofollow"">Twitter for Android</a>"
1400568621450076176,GodwinImeje,1045458871962210304,2021-06-03 21:42:35+00:00,"Anticipate the greatest project in the cryptocurrency space. Dont miss out !
@ROSCOLEE6
@KingUpelle
@Bankizee... https://t.co/WtISkrxJw3",[],"[{'screen_name': 'ROSCOLEE6', 'name': 'ROSCO LEE', 'id': 1371349275427405826, 'id_str': '1371349275427405826', 'indices': [77, 87]}, {'screen_name': 'KingUpelle', 'name': 'Upelle', 'id': 1161268777578881031, 'id_str': '1161268777578881031', 'indices': [88, 99]}, {'screen_name': 'Bankizee', 'name': 'Bamikole Emmanuel', 'id': 991771124047413249, 'id_str': '991771124047413249', 'indices': [100, 109]}]",http://pbs.twimg.com/profile_images/1397914505179328514/1-POVeSY_normal.jpg,0,,0,False,152,Thu Sep 27 23:43:13 +0000 2018,,"<a href=""http://twitter.com/download/android"" rel=""nofollow"">Twitter for Android</a>"
1400568623572287488,Gilbertow56,1399651438205280256,2021-06-03 21:42:35+00:00,"RT @nft_music_ai: FUN FACT! Did you know that the most expensive NFT that was ever sold cost $69 Million?! 

This artwork represents the e...",[],"[{'screen_name': 'nft_music_ai', 'name': 'NFTmusic.ai', 'id': 1389806015869198339, 'id_str': '1389806015869198339', 'indices': [3, 16]}]",http://pbs.twimg.com/profile_images/1399662292443275266/eAgMZDjA_normal.jpg,0,,0,False,1,Tue Jun 01 08:58:12 +0000 2021,,"<a href=""http://twitter.com/download/iphone"" rel=""nofollow"">Twitter for iPhone</a>"
1400568623501086730,IpSeptem,1256960144182857729,2021-06-03 21:42:35+00:00,"RT @Benzinga: Why Dogecoin Can Hit 75 Cents Again, According To @MattWallace888 

https://t.co/y8k2XRJQvc",[],"[{'screen_name': 'Benzinga', 'name': 'Benzinga', 'id': 44060322, 'id_str': '44060322', 'indices': [3, 12]}, {'screen_name': 'MattWallace888', 'name': 'Matt Wallace ‚ö†Ô∏è', 'id': 805532293951606785, 'id_str': '805532293951606785', 'indices': [64, 79]}]",http://pbs.twimg.com/profile_images/1384153340037066769/VqbIuTX__normal.jpg,0,Earth,0,False,279,Sun May 03 14:53:53 +0000 2020,,"<a href=""http://twitter.com/download/android"" rel=""nofollow"">Twitter for Android</a>"
1400568630308442119,WiTUvaWPFBIBCR7,1333011684714311681,2021-06-03 21:42:37+00:00,"RT @safemooncash: 72hours Twitter #Giveaway! 
200$ x 5 lucky winners! 

 Retweet this Tweet
 Reply with $SMC #SAFEMOONCASH 
 Follow us...","['Giveaway', 'SAFEMOONCASH']","[{'screen_name': 'safemooncash', 'name': 'Safemoon Cash $SMC', 'id': 1384528757181009921, 'id_str': '1384528757181009921', 'indices': [3, 16]}]",http://pbs.twimg.com/profile_images/1333012460291436544/UtQf2osf_normal.jpg,0,,0,False,7,Sun Nov 29 11:35:38 +0000 2020,,"<a href=""http://twitter.com/download/iphone"" rel=""nofollow"">Twitter for iPhone</a>"
1400568630157455366,SeintxC,1396854518101549060,2021-06-03 21:42:37+00:00,"@DropYourNFT I invite you to check out the efficient platform for artists! This is @picnab_official.

#nftart... https://t.co/jrBjQUtphD",['nftart'],"[{'screen_name': 'DropYourNFT', 'name': 'The NFT Gallery', 'id': 1373268723767869440, 'id_str': '1373268723767869440', 'indices': [0, 12]}, {'screen_name': 'Picnab_Official', 'name': 'Picnab', 'id': 1391692326028791810, 'id_str': '1391692326028791810', 'indices': [83, 99]}]",http://pbs.twimg.com/profile_images/1396855048496422914/ee_U7QlJ_normal.jpg,0,,0,False,9,Mon May 24 15:44:14 +0000 2021,,"<a href=""http://twitter.com/download/android"" rel=""nofollow"">Twitter for Android</a>"
1400568632980107267,meowthemunch,4213460087,2021-06-03 21:42:38+00:00,"RT @Crypto_novae:  Prepare for Beta! 

Become one of 300 exclusive Beta testers!

$YAE #cryptocurrency #BSC #ETH 

https://t.co/SI1QRtew2A","['cryptocurrency', 'BSC', 'ETH']","[{'screen_name': 'Crypto_novae', 'name': 'Cryptonovae', 'id': 1243568696188166146, 'id_str': '1243568696188166146', 'indices': [3, 16]}]",http://pbs.twimg.com/profile_images/1244294993528803328/E_SoOU_C_normal.jpg,0,"Los Angeles, CA",0,False,142,Tue Nov 17 23:00:37 +0000 2015,,"<a href=""https://mobile.twitter.com"" rel=""nofollow"">Twitter Web App</a>"
1400568633634426880,MondalGop,896085784394178560,2021-06-03 21:42:38+00:00,"RT @cryptopolica: $500 * 7 days

 Follow me &amp; @Cava_Official
 Join TG: https://t.co/hf3kphz2Hx
 Retweet &amp; reply proof please

__

 Cava...",[],"[{'screen_name': 'cryptopolica', 'name': 'Alice', 'id': 1576918836, 'id_str': '1576918836', 'indices': [3, 16]}, {'screen_name': 'Cava_Official', 'name': 'Cavapoo', 'id': 1395385508180660225, 'id_str': '1395385508180660225', 'indices': [51, 65]}]",http://pbs.twimg.com/profile_images/918359774286168069/BBN2vHsU_normal.jpg,0,"Bidhan Nagar, India",0,False,58,Fri Aug 11 19:07:54 +0000 2017,,"<a href=""http://twitter.com/download/android"" rel=""nofollow"">Twitter for Android</a>"
1400568633797996544,eStream_Studios,809229705073147904,2021-06-03 21:42:38+00:00,RT @eBargainsToday: PancakeBunny Partners With Chainlink To Address Security Issues: Chainlink's decentralized oracle will be used to provi...,[],"[{'screen_name': 'eBargainsToday', 'name': 'CryptoGator.co | Crypto and Forex News Aggregator', 'id': 3875594838, 'id_str': '3875594838', 'indices': [3, 18]}]",http://pbs.twimg.com/profile_images/985754941774905344/TUf_hNbF_normal.jpg,0,,0,False,9192,Thu Dec 15 02:52:51 +0000 2016,,"<a href=""https://dlvrit.com/"" rel=""nofollow"">dlvr.it</a>"
1400568634863390729,TheObiLeonard,984534687447179264,2021-06-03 21:42:38+00:00,"RT @AntiDanilevski: Short stor yof $KICK, Jan 2021 - June 2021. Do you see where it is going? 

What price would be on 3rd July? I'll send...",[],"[{'screen_name': 'AntiDanilevski', 'name': 'Anti Danilevski', 'id': 496835202, 'id_str': '496835202', 'indices': [3, 18]}]",http://pbs.twimg.com/profile_images/1347220748197384193/RyVzrutK_normal.jpg,0,"Abuja, Nigeria",0,False,5457,Thu Apr 12 20:52:16 +0000 2018,,"<a href=""http://twitter.com/download/iphone"" rel=""nofollow"">Twitter for iPhone</a>"
1400568635240845312,adnanshaikhx2,1054676518171926528,2021-06-03 21:42:38+00:00,"RT @StarCashBSC: Pre-Sale is still live on @dxsale 
20% Of the liquidity will be burnt after launch 
50% Of the liquidity will be burnt t...",[],"[{'screen_name': 'StarCashBSC', 'name': 'StarCash', 'id': 1400271008943194112, 'id_str': '1400271008943194112', 'indices': [3, 15]}, {'screen_name': 'dxsale', 'name': 'DxSALE', 'id': 1294065427568631809, 'id_str': '1294065427568631809', 'indices': [43, 50]}]",http://pbs.twimg.com/profile_images/1392941983333642242/H50lWfOh_normal.jpg,0,far away,0,False,363,Tue Oct 23 10:10:51 +0000 2018,,"<a href=""http://twitter.com/download/android"" rel=""nofollow"">Twitter for Android</a>"
1400568642035720194,AltcoinsLong,1384109943670788101,2021-06-03 21:42:40+00:00,"RT @Crypto_novae:  Prepare for Beta! 

Become one of 300 exclusive Beta testers!

$YAE #cryptocurrency #BSC #ETH 

https://t.co/SI1QRtew2A","['cryptocurrency', 'BSC', 'ETH']","[{'screen_name': 'Crypto_novae', 'name': 'Cryptonovae', 'id': 1243568696188166146, 'id_str': '1243568696188166146', 'indices': [3, 16]}]",http://pbs.twimg.com/profile_images/1384110091104788480/UgT8m0QR_normal.jpg,0,,0,False,1,Mon Apr 19 11:41:50 +0000 2021,,"<a href=""https://mobile.twitter.com"" rel=""nofollow"">Twitter Web App</a>"
1400568654685638661,Meghna732,1130879636827725826,2021-06-03 21:42:43+00:00,"A team of highly qualified specialists. I fully support the idea of this product, having studied all the nuances an... https://t.co/q8knOKGHJb",[],[],http://pbs.twimg.com/profile_images/1368264787746951168/f5MpfURG_normal.jpg,0,,0,False,5211,Tue May 21 16:54:50 +0000 2019,,"<a href=""https://mobile.twitter.com"" rel=""nofollow"">Twitter Web App</a>"
1400568659869896705,John___Dollar,4214805185,2021-06-03 21:42:44+00:00,"RT @ForbesCrypto: Google has updated its advertising policy to allow cryptocurrency wallets to advertise globally for the first time, as lo...",[],"[{'screen_name': 'ForbesCrypto', 'name': 'Forbes Crypto', 'id': 902282851499917312, 'id_str': '902282851499917312', 'indices': [3, 16]}]",http://pbs.twimg.com/profile_images/1376407028315344896/vkQR-YfC_normal.jpg,0,"Danbury, CT",0,False,1944,Wed Nov 18 03:05:32 +0000 2015,,"<a href=""http://twitter.com/download/android"" rel=""nofollow"">Twitter for Android</a>"
1400568670359887872,JasonTh05907192,1166415660995502080,2021-06-03 21:42:46+00:00,"""The best cryptocurrency to invest in: 3 coins for the summer"" https://t.co/Se7OhPciFG",[],[],http://pbs.twimg.com/profile_images/1314592028018307072/We7X4AEZ_normal.jpg,0,,0,False,46,Tue Aug 27 18:22:48 +0000 2019,,"<a href=""http://twitter.com/download/android"" rel=""nofollow"">Twitter for Android</a>"
1400568672062562304,wajeeha23317995,1341866462131216386,2021-06-03 21:42:47+00:00,Unique and well disciplined project. It has many latest technical aspects. Users are liking it's appraoch and idea.... https://t.co/BeDpI2o9e5,[],[],http://pbs.twimg.com/profile_images/1344331494706307077/zJfzKR1d_normal.jpg,0,,0,False,1367,Wed Dec 23 22:01:47 +0000 2020,,"<a href=""http://twitter.com/download/android"" rel=""nofollow"">Twitter for Android</a>"
1400568676881928192,LauraB12313,1386035896294707202,2021-06-03 21:42:48+00:00,"The best crypto ever! Charity coin donating to mental health, something very important to me and that affects my li... https://t.co/7rP2vokDbG",[],[],http://pbs.twimg.com/profile_images/1400564356929175565/yaghDWQ3_normal.jpg,0,,0,False,6,Sat Apr 24 19:14:54 +0000 2021,,"<a href=""http://twitter.com/download/iphone"" rel=""nofollow"">Twitter for iPhone</a>"
1400568680979697664,Aethylred,16369804,2021-06-03 21:42:49+00:00,RT @cstross: Cryptocurrency dealers face closure for failing UK money laundering test (up to 50 companies ordered to shut down or face pros...,[],"[{'screen_name': 'cstross', 'name': 'Charlie Stross', 'id': 390039185, 'id_str': '390039185', 'indices': [3, 11]}]",http://pbs.twimg.com/profile_images/757774603439575040/_BCr2yFP_normal.jpg,0,"Palmerston North, or Foxton.",0,False,819,Fri Sep 19 20:33:21 +0000 2008,,"<a href=""https://twitterrific.com/ios"" rel=""nofollow"">Twitterrific for iOS</a>"
1400568681504010242,Haroon8778,1310617055381594117,2021-06-03 21:42:49+00:00,"RT @0xsishi: 20,000 $BUSD in $SISHI #Giveaway Campaign at @CoinMarketCap on 30 May 2021.

Inspired by #Bitcoin @elonmusk, 21 million SISHI...","['Giveaway', 'Bitcoin']","[{'screen_name': '0xsishi', 'name': 'Sishi', 'id': 1371681610228068352, 'id_str': '1371681610228068352', 'indices': [3, 11]}, {'screen_name': 'CoinMarketCap', 'name': 'CoinMarketCap', 'id': 2260491445, 'id_str': '2260491445', 'indices': [59, 73]}, {'screen_name': 'elonmusk', 'name': 'Elon Musk', 'id': 44196397, 'id_str': '44196397', 'indices': [112, 121]}]",http://pbs.twimg.com/profile_images/1399261741326999554/EN5sLWpB_normal.jpg,0,"Tellus , venus (Me) Mars",0,False,3,Mon Sep 28 16:27:38 +0000 2020,,"<a href=""http://twitter.com/download/android"" rel=""nofollow"">Twitter for Android</a>"
1400568685652238336,sauce4days,1043282994012860417,2021-06-03 21:42:50+00:00,"Google has updated its advertising policy to allow cryptocurrency wallets to advertise globally for the first time,... https://t.co/1iP2644WpQ",[],[],http://pbs.twimg.com/profile_images/1285389622789509120/xslQmsBs_normal.jpg,0,"Washington, DC",0,False,983,Fri Sep 21 23:37:03 +0000 2018,,"<a href=""http://twitter.com/download/iphone"" rel=""nofollow"">Twitter for iPhone</a>"
1400568687766036480,monty_5656,1016121670178783233,2021-06-03 21:42:51+00:00,"RT @Benzinga: Why Dogecoin Can Hit 75 Cents Again, According To @MattWallace888 

https://t.co/y8k2XRJQvc",[],"[{'screen_name': 'Benzinga', 'name': 'Benzinga', 'id': 44060322, 'id_str': '44060322', 'indices': [3, 12]}, {'screen_name': 'MattWallace888', 'name': 'Matt Wallace ‚ö†Ô∏è', 'id': 805532293951606785, 'id_str': '805532293951606785', 'indices': [64, 79]}]",http://pbs.twimg.com/profile_images/1362559754963357697/5HDOfddU_normal.jpg,0,"Madera, CA",0,False,115,Mon Jul 09 00:47:39 +0000 2018,,"<a href=""http://twitter.com/download/iphone"" rel=""nofollow"">Twitter for iPhone</a>"
1400568700068061185,rockstar_stocks,1188344257737908224,2021-06-03 21:42:54+00:00,"We are kicking all their *sses

$GME $AMC #AMC #GME #AMCSqueeze #AMCAPES #AMCtothemoon #AMCARMY #GMESqueeze... https://t.co/cNn0UAeygO","['AMC', 'GME', 'AMCSqueeze', 'AMCAPES', 'AMCtothemoon', 'AMCARMY', 'GMESqueeze']",[],http://pbs.twimg.com/profile_images/1375909125981343745/BjcpVOM6_normal.jpg,0,,0,False,23979,Sun Oct 27 06:38:50 +0000 2019,,"<a href=""https://mobile.twitter.com"" rel=""nofollow"">Twitter Web App</a>"
1400568703125688321,Blackdoll69,91179753,2021-06-03 21:42:54+00:00,I see @AB84 into the #CryptoCurrency market,['CryptoCurrency'],"[{'screen_name': 'AB84', 'name': 'AB', 'id': 224221596, 'id_str': '224221596', 'indices': [6, 11]}]",http://pbs.twimg.com/profile_images/1383476197741404167/0cYmhLMJ_normal.jpg,0,‚úà Sitting on My TackleBox ‚úà,0,False,1597,Thu Nov 19 20:01:56 +0000 2009,,"<a href=""http://twitter.com/download/android"" rel=""nofollow"">Twitter for Android</a>"
1400568703406780416,Archy24786260,1380893825443491840,2021-06-03 21:42:54+00:00,Super hyped!,[],[],http://abs.twimg.com/sticky/default_profile_images/default_profile_normal.png,0,,0,False,1,Sat Apr 10 14:42:03 +0000 2021,,"<a href=""https://mobile.twitter.com"" rel=""nofollow"">Twitter Web App</a>"
1400568714710376453,Eshelsam1102,960901652503986176,2021-06-03 21:42:57+00:00,Great project,[],[],http://pbs.twimg.com/profile_images/1172423886316531717/hXuyDNBB_normal.jpg,0,"ŸÑÿß€ÅŸàÿ±, Ÿæÿß⁄©ÿ≥ÿ™ÿßŸÜ",0,False,17,Tue Feb 06 15:43:01 +0000 2018,,"<a href=""http://twitter.com/download/android"" rel=""nofollow"">Twitter for Android</a>"
1400569938536976389,Raza3136,768125265734164481,2021-06-03 21:47:49+00:00,"RT @ZakaWaqar: Simple question , why not regulate crypto when there is no FATF issue ? https://t.co/QFHjTbJhao",[],"[{'screen_name': 'ZakaWaqar', 'name': 'Waqar Zaka', 'id': 1144885988, 'id_str': '1144885988', 'indices': [3, 13]}]",http://pbs.twimg.com/profile_images/1394997420195516419/DTYC9YDK_normal.jpg,0,"Sialkot, Pakistan",0,False,143,Tue Aug 23 16:38:29 +0000 2016,,"<a href=""https://mobile.twitter.com"" rel=""nofollow"">Twitter Web App</a>"
1400569939770101765,Juliana87936071,1400480409331376134,2021-06-03 21:47:49+00:00,"@Gordyonos @CryptoKiri @TrustWalletApp  Trustwallet Giveaway Airdrop. Get free #Airdrops $500

 Click on the link... https://t.co/EwYc64KPPm",['Airdrops'],"[{'screen_name': 'Gordyonos', 'name': 'Gordy Onokpite', 'id': 353027487, 'id_str': '353027487', 'indices': [0, 10]}, {'screen_name': 'CryptoKiri', 'name': 'Rabbi', 'id': 1377511704154660864, 'id_str': '1377511704154660864', 'indices': [11, 22]}, {'screen_name': 'TrustWalletApp', 'name': 'Trust - Crypto Wallet', 'id': 911011433147654144, 'id_str': '911011433147654144', 'indices': [23, 38]}]",http://pbs.twimg.com/profile_images/1400480596636356615/LbXOKEQT_normal.jpg,0,,0,False,1,Thu Jun 03 15:52:14 +0000 2021,,"<a href=""http://twitter.com/download/iphone"" rel=""nofollow"">Twitter for iPhone</a>"
1400569941225582592,MsAdaO,95842656,2021-06-03 21:47:49+00:00,Cryptocurrency scarface PLEASE,[],[],http://pbs.twimg.com/profile_images/1389333184547074049/EzqZJI4b_normal.jpg,0,"London, England",0,False,2621,Thu Dec 10 06:41:35 +0000 2009,,"<a href=""http://twitter.com/download/iphone"" rel=""nofollow"">Twitter for iPhone</a>"
1400569944690003969,Harlow10036413,1378503073107116033,2021-06-03 21:47:50+00:00,"RT @Benzinga: Why Dogecoin Can Hit 75 Cents Again, According To @MattWallace888 

https://t.co/y8k2XRJQvc",[],"[{'screen_name': 'Benzinga', 'name': 'Benzinga', 'id': 44060322, 'id_str': '44060322', 'indices': [3, 12]}, {'screen_name': 'MattWallace888', 'name': 'Matt Wallace ‚ö†Ô∏è', 'id': 805532293951606785, 'id_str': '805532293951606785', 'indices': [64, 79]}]",http://pbs.twimg.com/profile_images/1389684216502304772/DfFp1r27_normal.jpg,0,,0,False,92,Sun Apr 04 00:22:10 +0000 2021,,"<a href=""http://twitter.com/download/iphone"" rel=""nofollow"">Twitter for iPhone</a>"
1400569946762059776,eatthedip,1393891611562725379,2021-06-03 21:47:51+00:00,"Presale - Opens at 500 members. 
The Magna Carta is a charter of liberties. It is a document constituting a fundame... https://t.co/i2yuTjSoeJ",[],[],http://pbs.twimg.com/profile_images/1393891744652185605/u8oQjZIM_normal.jpg,0,United Kingdom,0,False,438,Sun May 16 11:30:49 +0000 2021,,"<a href=""http://twitter.com/download/iphone"" rel=""nofollow"">Twitter for iPhone</a>"
1400569950641610752,lah_tolong,1374297558265163776,2021-06-03 21:47:52+00:00,Thanks for giving us such a great opportunity. I am supporting it. always success for the development team to the m... https://t.co/jWx4ItLYxk,[],[],http://pbs.twimg.com/profile_images/1400536474274078721/Igy8WYLZ_normal.jpg,0,,0,False,9,Tue Mar 23 09:50:51 +0000 2021,,"<a href=""https://mobile.twitter.com"" rel=""nofollow"">Twitter Web App</a>"
1400569955981033475,MahNoor51194928,1327943301236973572,2021-06-03 21:47:53+00:00,@justinsuntron @CurveFinance @defi_sunio The project is awesome being global based platform that has been developed... https://t.co/uPbdAHoV5b,[],"[{'screen_name': 'justinsuntron', 'name': 'Justin Sun üÖ£üåû', 'id': 902839045356744704, 'id_str': '902839045356744704', 'indices': [0, 14]}, {'screen_name': 'CurveFinance', 'name': 'Curve Finance', 'id': 1214050967986946051, 'id_str': '1214050967986946051', 'indices': [15, 28]}, {'screen_name': 'defi_sunio', 'name': 'SUN.IO', 'id': 1299250153992327169, 'id_str': '1299250153992327169', 'indices': [29, 40]}]",http://pbs.twimg.com/profile_images/1327943475149541376/8eLqiYma_normal.jpg,0,,0,False,1521,Sun Nov 15 11:55:44 +0000 2020,,"<a href=""https://mobile.twitter.com"" rel=""nofollow"">Twitter Web App</a>"
1400569958929666052,LegalValkyrie,19157973,2021-06-03 21:47:54+00:00,Welcome to what I spent nearly all my time doing my last year in private practice.,[],[],http://pbs.twimg.com/profile_images/1338448897186914305/y09Wz2Mg_normal.jpg,0,Londonish,0,False,3168,Sun Jan 18 21:09:43 +0000 2009,,"<a href=""https://mobile.twitter.com"" rel=""nofollow"">Twitter Web App</a>"
1400569960167055361,ranthruAcheck,3293635331,2021-06-03 21:47:54+00:00,"RT @TmarTn: Credible leaker Tom Henderson claims the economy and stock market will return to GTA 6, along with the addition of Cryptocurren...",[],"[{'screen_name': 'TmarTn', 'name': 'TmarTn', 'id': 141021153, 'id_str': '141021153', 'indices': [3, 10]}]",http://pbs.twimg.com/profile_images/1304587748666486786/-E2SDrqp_normal.jpg,0,chicago,0,False,197,Fri May 22 03:30:51 +0000 2015,,"<a href=""http://twitter.com/download/iphone"" rel=""nofollow"">Twitter for iPhone</a>"
1400570603950706690,Carlos08324354,1219937761207164933,2021-06-03 21:50:27+00:00,"RT @Crypto_novae:  Prepare for Beta! 

Become one of 300 exclusive Beta testers!

$YAE #cryptocurrency #BSC #ETH 

https://t.co/SI1QRtew2A","['cryptocurrency', 'BSC', 'ETH']","{'hashtags': [{'text': 'cryptocurrency', 'indices': [71, 86]}, {'text': 'BSC', 'indices': [87, 91]}, {'text': 'ETH', 'indices': [92, 96]}], 'urls': [{'url': 'https://t.co/SI1QRtew2A', 'expanded_url': 'https://cryptonovae.medium.com/its-time-for-some-beta-a75f7ffe6132', 'display_url': 'cryptonovae.medium.com/its-time-for-s‚Ä¶', 'indices': [99, 122]}], 'user_mentions': [], 'symbols': [{'text': 'YAE', 'indices': [66, 70]}]}",http://abs.twimg.com/sticky/default_profile_images/default_profile_normal.png,0,,0,False,1,Wed Jan 22 11:00:19 +0000 2020,,"<a href=""http://twitter.com/download/android"" rel=""nofollow"">Twitter for Android</a>"
1400570948403744786,BigOShow,23536653,2021-06-03 21:51:50+00:00,"Follow @CryptObrOShO for #CryptO talk, questions &amp; radio show (coming soon).",['CryptO'],,http://pbs.twimg.com/profile_images/1317942267978678272/Ft6WdjPu_normal.jpg,0,"Miami, Florida",0,True,96149,Tue Mar 10 01:21:09 +0000 2009,,"<a href=""http://twitter.com/download/iphone"" rel=""nofollow"">Twitter for iPhone</a>"
1400570950882500609,coinok,2232163009,2021-06-03 21:51:50+00:00,"Buy BTC With Your Credit Card / Fast Crypto Exchange 

https://t.co/GwaCvQyQbc 

#Bitcoin #BTC #ETH #XRP... https://t.co/SDaVVGuWui","['Bitcoin', 'BTC', 'ETH', 'XRP']",,http://pbs.twimg.com/profile_images/1383695443528273925/DXI2rNKK_normal.jpg,0,,0,False,10241,Thu Dec 05 23:34:07 +0000 2013,,"<a href=""http://coinok.pw"" rel=""nofollow"">CoinTweety</a>"
1400570952228950024,SWCaubrey,569322370,2021-06-03 21:51:51+00:00,"Had $30 in free crypto on coinbase.  Just turned it all into #DogeOnCoinbase 
#dodgecoin #dogearmy... https://t.co/kElTzczf2k","['DogeOnCoinbase', 'dodgecoin', 'dogearmy']",,http://pbs.twimg.com/profile_images/1396100761650614272/buWHmbhn_normal.jpg,0,the moon,0,False,320,Wed May 02 18:35:19 +0000 2012,,"<a href=""http://twitter.com/download/android"" rel=""nofollow"">Twitter for Android</a>"
1400570953705443328,Airdrop01556394,1398079229594681350,2021-06-03 21:51:51+00:00,"RT @MyIdentityCoin: New office alert !

We have moved into our new office. Big things are coming. Follow us on Tiktok to catch our progres...",[],,http://pbs.twimg.com/profile_images/1398638699798224896/SDnH43ug_normal.jpg,0,,0,False,9,Fri May 28 00:50:52 +0000 2021,,"<a href=""http://twitter.com/download/android"" rel=""nofollow"">Twitter for Android</a>"
1400570954724610059,Hypnotic121,189457977,2021-06-03 21:51:51+00:00,RT @val5linx: Google has announced plans to lift a ban on advertising cryptocurrency wallets and exchanges that has been in place for almos...,[],,http://pbs.twimg.com/profile_images/1337623111689236481/2hGbvk6t_normal.jpg,0,"Bondurant, IA",0,False,55,Sat Sep 11 09:17:19 +0000 2010,,"<a href=""http://twitter.com/download/android"" rel=""nofollow"">Twitter for Android</a>"
1400570955324350469,SeintxC,1396854518101549060,2021-06-03 21:51:51+00:00,"@DropYourNFT The best platform I've seen for artists, this is @Picnab_official, it's super efficient.

#nftart... https://t.co/4mPtlXb4wa",['nftart'],,http://pbs.twimg.com/profile_images/1396855048496422914/ee_U7QlJ_normal.jpg,0,,0,False,9,Mon May 24 15:44:14 +0000 2021,,"<a href=""http://twitter.com/download/android"" rel=""nofollow"">Twitter for Android</a>"
1400570959187283974,Syrchinv,2233362398,2021-06-03 21:51:52+00:00,"RT @RazorRomania: Not financial advice? I'm in 

$RAZOR @razor_network

#crypto #RazorNetwork #ethereum #cryptocurrency #cryptonews #egol...","['crypto', 'RazorNetwork', 'ethereum', 'cryptocurrency', 'cryptonews']",,http://pbs.twimg.com/profile_images/1361375660288200707/7xteJ_nA_normal.jpg,0,"Los Angeles, CA",0,False,36,Fri Dec 06 18:26:52 +0000 2013,,"<a href=""http://twitter.com/download/iphone"" rel=""nofollow"">Twitter for iPhone</a>"
1400570966787477504,PaddyDoesCrypto,1246809112823939075,2021-06-03 21:51:54+00:00,"Our $tel investment starting to pay off....we added 35,000 more last night before lift-off.",[],,http://pbs.twimg.com/profile_images/1398365783571435522/pUkmb7s8_normal.jpg,0,Ireland,0,False,2093,Sun Apr 05 14:37:20 +0000 2020,,"<a href=""https://mobile.twitter.com"" rel=""nofollow"">Twitter Web App</a>"
1400570967580086280,cryptoify,944160083780538369,2021-06-03 21:51:54+00:00,"Leaked Nvidia #Cryptocurrency card could be powerful enough to save gaming GPUs from the mines

https://t.co/jCROpFS3JD",['Cryptocurrency'],,http://pbs.twimg.com/profile_images/1354851287179931651/XpPQ1yxd_normal.jpg,0,,0,False,2910,Fri Dec 22 10:58:00 +0000 2017,,"<a href=""http://cryptoify.io"" rel=""nofollow"">Cryptoify Website</a>"
1400570976941731844,Zahid4678,1243343920202829829,2021-06-03 21:51:56+00:00,"RT @AirdropStario:  The Ultimate Party App Airdrop

 Task:            Up to 80 TUPA (~$4)

 Referral:    8 TUPA (~$0.4)

 Airdro...",[],,http://pbs.twimg.com/profile_images/1296475203090780160/4qmWxYtA_normal.jpg,0,"Surakarta, Jawa Tengah",0,False,51,Fri Mar 27 01:07:57 +0000 2020,,"<a href=""http://twitter.com/download/android"" rel=""nofollow"">Twitter for Android</a>"
1400570983447158784,Fhggg70728898,1400453485192126468,2021-06-03 21:51:58+00:00,"RT @Mubshar32766525: @Vendetta_Token 1487% 

Its beginning

Buy it before its too late 
$VETA #PancakeSwap #BSCGem #cryptocurrency http...","['PancakeSwap', 'BSCGem', 'cryptocurrency']",,http://abs.twimg.com/sticky/default_profile_images/default_profile_normal.png,0,,0,False,1,Thu Jun 03 14:05:13 +0000 2021,,"<a href=""http://twitter.com/download/android"" rel=""nofollow"">Twitter for Android</a>"
1400570986106298369,Jeffrey03502177,1392962448873852930,2021-06-03 21:51:59+00:00,"RT @Benzinga: Why Dogecoin Can Hit 75 Cents Again, According To @MattWallace888 

https://t.co/y8k2XRJQvc",[],,http://pbs.twimg.com/profile_images/1392962715962941440/7ivMtMwc_normal.jpg,0,"San Francisco, CA",0,False,8,Thu May 13 21:58:36 +0000 2021,,"<a href=""http://twitter.com/download/iphone"" rel=""nofollow"">Twitter for iPhone</a>"
1400570995165982720,Jin_Areums08,1138789334633439232,2021-06-03 21:52:01+00:00,"RT @deepseacrypto: I bagged a nice stack of $GUH tokens from poocoin's vetted section, let's see what happens. #cryptocurrency",['cryptocurrency'],,http://pbs.twimg.com/profile_images/1396865622739283974/D__kHhwn_normal.jpg,0,09468593352,0,False,145,Wed Jun 12 12:45:09 +0000 2019,,"<a href=""http://twitter.com/download/android"" rel=""nofollow"">Twitter for Android</a>"
1400570996168564737,Kemal97149131,1395143897828012032,2021-06-03 21:52:01+00:00,good,[],,http://abs.twimg.com/sticky/default_profile_images/default_profile_normal.png,0,,0,False,0,Wed May 19 22:26:49 +0000 2021,,"<a href=""https://mobile.twitter.com"" rel=""nofollow"">Twitter Web App</a>"
