[],RT @IainLJBrown: CHS Begins Development of Artificial Intelligence Software Products for Medical Diagnostic Imaging Industry - Yahoo Financ…,SuzanneC0leman,"South East, England"
['python'],"We offer best and affordable services DM 
Write essay
Online classes
pay someone write
#python
Physics
Pay essay
es… https://t.co/npcZOSp6wI",GradesQuality,
"['php', 'phpjobs', 'js', 'node', 'python', 'ruby']","Brown &amp; Brown Inc. is hiring: Cloud Engineer [Daytona Beach, FL] https://t.co/jIkvGicy7o #php #phpjobs #js #node #python #ruby",__phpJobs__,Remote
[],@supertylerc Nice! Another thing to add to my list of reasons I love Python.,jackandhishat,"Vancouver, British Columbia"
"['machinelearning', 'ad']","RT @machinelearnflx: Data Science, Deep Learning and Machine Learning with Python https://t.co/PzQ4RRmumF  #machinelearning #ad",BlkHwk0ps,"Cancún, Quintana Roo, México"
